ID,שם הספר,מחבר,סדרה,כרך בסדרה,חלק,סך כרכים בסדרה,סיווג,הערות,הושאל,
1,אבן החכמים,רולינג ג'.ק.,הארי פוטר,1,,7,פנטזיה,,,
2,חדר הסודות,רולינג ג'.ק.,הארי פוטר,2,,7,פנטזיה,,,
3,האסיר מאזקאבאן,רולינג ג'.ק.,הארי פוטר,3,,7,פנטזיה,,,
4,גביע האש,רולינג ג'.ק.,הארי פוטר,4,,7,פנטזיה,,,
5,מסדר עוף החול,רולינג ג'.ק.,הארי פוטר,5,,7,פנטזיה,,,
6,הנסיך חצוי הדם,רולינג ג'.ק.,הארי פוטר,6,,7,פנטזיה,,,
7,אוצרות המוות,רולינג ג'.ק.,הארי פוטר,7,,7,פנטזיה,,,
8,The Deathly hollows,רולינג ג'.ק.,הארי פוטר,7,,7,פנטזיה,,,
9,חיות הפלא והיכן למצוא אותן,רולינג ג'.ק.,הארי פוטר,,,,פנטזיה,,,
10,קווידיץ' בראי הדורות,רולינג ג'.ק.,הארי פוטר,,,,פנטזיה,,,
11,מעשיות בידל הפייטן,רולינג ג'.ק.,הארי פוטר,,,,פנטזיה,,,
12,העולמות הקסומים של הארי פוטר,קולברט דיויד,הארי פוטר,,,,פנטזיה,,,
13,כנף הדרקון,"וייס מרגרט, היקמן טרייסי",מחזור שער המוות,1,,7,פנטזיה,,,
14,כוכב הרפאים,"וייס מרגרט, היקמן טרייסי",מחזור שער המוות,2,,7,פנטזיה,,,
14,ים האש,"וייס מרגרט, היקמן טרייסי",מחזור שער המוות,3,,7,פנטזיה,,,
15,קוסם הנחש,"וייס מרגרט, היקמן טרייסי",מחזור שער המוות,4,,7,פנטזיה,,,
15,יד הכאוס,"וייס מרגרט, היקמן טרייסי",מחזור שער המוות,5,,7,פנטזיה,,,
16,אל תוך המבוך,"וייס מרגרט, היקמן טרייסי",מחזור שער המוות,6,,7,פנטזיה,,,
17,השער השביעי,"וייס מרגרט, היקמן טרייסי",מחזור שער המוות,7,,7,פנטזיה,,,
18,דרקונים של דמדומי סתיו,"וייס מרגרט, היקמן טרייסי",רשומות רומח הדרקון,1,,4,פנטזיה,רומח הדרקון,,
19,דרקונים של ליל חורף,"וייס מרגרט, היקמן טרייסי",רשומות רומח הדרקון,2,,4,פנטזיה,רומח הדרקון,,
20,דרקונים של שחר האביב,"וייס מרגרט, היקמן טרייסי",רשומות רומח הדרקון,3,,4,פנטזיה,רומח הדרקון,,
21,עת התאומים,"וייס מרגרט, היקמן טרייסי",אגדות רומח הדרקון,1,,3,פנטזיה,רומח הדרקון,,
22,מלחמת התאומים,"וייס מרגרט, היקמן טרייסי",אגדות רומח הדרקון,2,,3,פנטזיה,רומח הדרקון,,
23,מבחן התאומים,"וייס מרגרט, היקמן טרייסי",אגדות רומח הדרקון,3,,3,פנטזיה,רומח הדרקון,,
24,דאלאמר האפל,ברבריק ננסי ואריאן,הסדרה הקלאסית,2,,4,פנטזיה,"רומח הדרקון, שאר הספרים לא תורגמו",,
25,כבשן הנשמה,וייס מרגרט,רשומות רייסטלין,1,,2,פנטזיה,רומח הדרקון,,
26,אחים לנשק,"וייס מרגרט, פרין דון",רשומות רייסטלין,2,,2,פנטזיה,רומח הדרקון,,
27,האחים מאז'ר,שטיין קווין,טריולוגיית ההקדמה 1,3,,3,פנטזיה,"רומח הדרקון, שאר הספרים לא תורגמו",,
28,דרקונים של מג שעון החול,"וייס מרגרט, היקמן טרייסי",הרשומות האבודות,3,,3,פנטזיה,רומח הדרקון,,
29,נשמת הרוח,פירסון כריס,גשרי הזמן,1,,5,פנטזיה,"רומח הדרקון, שאר הספרים לא תורגמו",,
30,ענבר ואפר,וייס מרגרט,כוהנת האופל,1,,3,פנטזיה,רומח הדרקון,,
31,ענבר וברזל,וייס מרגרט,כוהנת האופל,2,,3,פנטזיה,רומח הדרקון,,
32,ענבר ודם,וייס מרגרט,כוהנת האופל,3,,3,פנטזיה,רומח הדרקון,,
33,דור ההמשך,"וייס מרגרט, היקמן טרייסי",,,,,פנטזיה,רומח הדרקון,,
34,אוצרות הפנטזיה,"וייס מרגרט, היקמן טרייסי",,,,,פנטזיה,,,
35,חוק הקוסמים הראשון,גודקינד טרי,חרב האמת,1,,5,פנטזיה,בסדרה יש עוד ספרים שלא תורגמו (15),,
36,חוק הקוסמים השני א',גודקינד טרי,חרב האמת,2א,,5,פנטזיה ,בסדרה יש עוד ספרים שלא תורגמו (15),,
37,חוק הקוסמים השני ב',גודקינד טרי,חרב האמת,2ב,,5,פנטזיה ,בסדרה יש עוד ספרים שלא תורגמו (15),,
38,חוב העצמות,גודקינד טרי,חרב האמת,0,,,פנטזיה,,,
39,אראגון,פאוליני כריסטופר,הירושה,1,,4,פנטזיה,,,
40,הבן הבכור,פאוליני כריסטופר,הירושה,2,,4,פנטזיה,,,
41,בריסינגר,פאוליני כריסטופר,הירושה,3,,4,פנטזיה,,,
42,הירושה,פאוליני כריסטופר,הירושה,4,,4,פנטזיה,,,
43,תשעה נסיכים לאמבר,זלאזני רוג'ר,אמבר,1,,10,פנטזיה,,,
44,תותחי אוולון,זלאזני רוג'ר,אמבר,2,,10,פנטזיה,,,
45,בסימן החדקרן,זלאזני רוג'ר,אמבר,3,,10,פנטזיה,,,
46,ידו של אוברון,זלאזני רוג'ר,אמבר,4,,10,פנטזיה,,,
47,ממלכות התוהו,זלאזני רוג'ר,אמבר,5,,10,פנטזיה,,,
48,קלפים של כליה,זלאזני רוג'ר,אמבר,6,,10,פנטזיה,,,
49,דמה של אמבר,זלאזני רוג'ר,אמבר,7,,10,פנטזיה,,,
50,בסימן התוהו,זלאזני רוג'ר,אמבר,8,,10,פנטזיה,,,
51,אביר הצללים,זלאזני רוג'ר,אמבר,9,,10,פנטזיה,,,
52,נסיך התוהו,זלאזני רוג'ר,אמבר,10,,10,פנטזיה,,,
53,דונרג'ק,"זלאזני רוג'ר, לינדסקולד ג'יין",,,,,פנטזיה,,,
54,הסיפור שאינו נגמר,אנדה מיכאל,,,,,פנטזיה,,,
55,ספר השלושה,אלכסנדר לויד,פרידיין,1,,5,פנטזיה,נוער,,
56,היורה השחורה,אלכסנדר לויד,פרידיין,2,,5,פנטזיה,נוער,,
57,טירת ליר,אלכסנדר לויד,פרידיין,3,,5,פנטזיה,נוער,,
58,טרן הנודד,אלכסנדר לויד,פרידיין,4,,5,פנטזיה,נוער,,
59,המלך העליון,אלכסנדר לויד,פרידיין,5,,5,פנטזיה,נוער,,
60,טיגאנה,קיי גאי גבריאל,,,,,פנטזיה,יצא גם בשני חלקים,,
61,קוסם: שוליה,פייסט ריימונד אי.,מלחמת הבקיע,1,,4,פנטזיה,,,
62,קוץ הכסף,פייסט ריימונד אי.,מלחמת הבקיע,3,,4,פנטזיה,,,
63,מולדת,סלבטורה ר. א. ,האלף האפל,1,,3,פנטזיה,,,
64,גלות,סלבטורה ר. א. ,האלף האפל,2,,3,פנטזיה,,,
65,שהות,סלבטורה ר. א. ,האלף האפל,3,,3,פנטזיה,,,
66,ג'הרג,בראסט סטיבן,טאלטוס,1,,4,פנטזיה,בסדרה יש עוד ספרים שלא תורגמו,,
67,ינדי,בראסט סטיבן,טאלטוס,2,,4,פנטזיה,בסדרה יש עוד ספרים שלא תורגמו,,
68,טקלה,בראסט סטיבן,טאלטוס,3,,4,פנטזיה,בסדרה יש עוד ספרים שלא תורגמו,,
69,טאלטוס,בראסט סטיבן,טאלטוס,4,,4,פנטזיה,בסדרה יש עוד ספרים שלא תורגמו,,
70,המצפן הזהוב,פולמן פיליפ,חומריו האפלים,1,,3,פנטזיה,,,
71,אנשי המשמר,פראצ'ט טרי,עולם הדיסק,,,,פנטזיה,בסדרה יש עוד ספרים שלא תורגמו,,
72,בני החורין הקטנים,פראצ'ט טרי,טיפני אייקין,1,,4,פנטזיה,,,
73,כובע מלא שמים,פראצ'ט טרי,טיפני אייקין,2,,4,פנטזיה,,,
74,האימפריה האחרונה,סנדרסון ברנדון,הערפילאים,1,,3,פנטזיה,,,
75,באר האלוהות,סנדרסון ברנדון,הערפילאים,2,,3,פנטזיה,,,
76,גיבור העידנים,סנדרסון ברנדון,הערפילאים,3,,3,פנטזיה,,,
77,חוק ומסג,סנדרסון ברנדון,הערפילאים עידן 2,1,,4,פנטזיה,,,
78,צללים של הנשמה,סנדרסון ברנדון,הערפילאים עידן 2,2,,4,פנטזיה,,,
79,צמידי האבל,סנדרסון ברנדון,הערפילאים עידן 2,3,,4,פנטזיה,,,
80,דרך המלכים א',סנדרסון ברנדון,גנזך אורות הסער,1א,,8,פנטזיה,בסדרה יש עוד ספרים שלא תורגמו ,,
81,דרך המלכים ב',סנדרסון ברנדון,גנזך אורות הסער,1ב,,8,פנטזיה,בסדרה יש עוד ספרים שלא תורגמו ,,
82,רסיסים של אור א',סנדרסון ברנדון,גנזך אורות הסער,2א,,8,פנטזיה,בסדרה יש עוד ספרים שלא תורגמו ,,
83,רסיסים של אור ב',סנדרסון ברנדון,גנזך אורות הסער,2ב,,8,פנטזיה,בסדרה יש עוד ספרים שלא תורגמו ,,
84,בעל השבועה א',סנדרסון ברנדון,גנזך אורות הסער,3א,,8,פנטזיה,בסדרה יש עוד ספרים שלא תורגמו ,,
85,בעל השבועה ב',סנדרסון ברנדון,גנזך אורות הסער,3ב,,8,פנטזיה,בסדרה יש עוד ספרים שלא תורגמו ,,
86,קצב המלחמה א',סנדרסון ברנדון,גנזך אורות הסער,4א,,8,פנטזיה,בסדרה יש עוד ספרים שלא תורגמו ,,
87,קצב המלחמה ב',סנדרסון ברנדון,גנזך אורות הסער,4ב,,8,פנטזיה,בסדרה יש עוד ספרים שלא תורגמו ,,
88,אסון,סנדרסון ברנדון,מלחמת הנפילים,3,,3,פנטזיה,,,
89,The Alloy of Law,סנדרסון ברנדון,הערפילאים עידן 2,1,,4,פנטזיה,,,
90,Shadows of self,סנדרסון ברנדון,הערפילאים עידן 2,2,,4,פנטזיה,,,
91,The Bands of mourning,סנדרסון ברנדון,הערפילאים עידן 2,3,,4,פנטזיה,,,
92,The lost metal ,סנדרסון ברנדון,הערפילאים עידן 2,4,,4,פנטזיה,,,
93,Elantris,סנדרסון ברנדון,,,,,פנטזיה ,,,
94,Warbreaker,סנדרסון ברנדון,,,,,פנטזיה,לא תורגם,,
95,Arcanum Unbounded,סנדרסון ברנדון,,,,,פנטזיה ,לא תורגם,,
96,The sunlit man,סנדרסון ברנדון,,,,,פנטזיה ,לא תורגם,,
97,Yumi and the Nightmare Painter,סנדרסון ברנדון,,,,,פנטזיה ,לא תורגם,,
96,Dawnshard,סנדרסון ברנדון,גנזך אורות הסער,3.5,,,פנטזיה,לא תורגם,,
97,חרב השאול,מורקוק מייקל,אלריק ממלניבונה,1,,4,פנטזיה,בסדרה יש עוד ספרים שלא תורגמו ,,
98,ההוביט,טולקין ג'.ר.ר.,,,,,פנטזיה,,,
99,חבורת הטבעת,טולקין ג'.ר.ר.,שר הטבעות,1,,3,פנטזיה,,,
100,שני המגדלים,טולקין ג'.ר.ר.,שר הטבעות,2,,3,פנטזיה,מהדורה ישנה,,
101,שובו של המלך,טולקין ג'.ר.ר.,שר הטבעות,3,,3,פנטזיה,מהדורה ישנה,,
102,בשורות טובות,"גאימן ניל, פראצ'ט טרי",,,,,פנטזיה,,,
103,מיתולוגיה נורדית,גיימן ניל,,,,,פנטזיה,,,
104,הנסיכה הקסומה,גולדמן ויליאם,,,,,פנטזיה,נוער,,
105,תרועת מוות,פראצ'ט טרי,עולם הדיסק,4,,,פנטזיה,,,
106,ננסי המכרות,פראצ'ט טרי,ננסים,1,,3,פנטזיה,נוער,,
107,ננסי המשאית,פראצ'ט טרי,ננסים,2,,3,פנטזיה,נוער,,
108,ננסי הכנפיים,פראצ'ט טרי,ננסים,3,,3,פנטזיה,נוער,,
109,המעון של מיס פרגרין לילדים משונים,ריגס רנסום,המעון של מיס פרגרין לילדים משונים,1,,6,פנטזיה,נוער,,
110,עיר חלולה,ריגס רנסום,המעון של מיס פרגרין לילדים משונים,2,,6,פנטזיה,נוער,,
111,ספריית הנשמות,ריגס רנסום,המעון של מיס פרגרין לילדים משונים,3,,6,פנטזיה,נוער,,
112,מפת הימים,ריגס רנסום,המעון של מיס פרגרין לילדים משונים,4,,6,פנטזיה,נוער,,
113,פרסי ג'קסון וגנב הברק,ריירדן ריק,פרסי ג'קסון והאולימפיים,1,,7,פנטזיה,נוער,,
114,פרסי ג'קסון וים המפלצות,ריירדן ריק,פרסי ג'קסון והאולימפיים,2,,7,פנטזיה,נוער,,
115,פרסי ג'קסון וקללת הטיטאן,ריירדן ריק,פרסי ג'קסון והאולימפיים,3,,7,פנטזיה,נוער,,
116,פרסי ג'קסון והקרב על המבוך,ריירדן ריק,פרסי ג'קסון והאולימפיים,4,,7,פנטזיה,נוער,,
117,פרסי ג'קסון ותקוות האולימפוס,ריירדן ריק,פרסי ג'קסון והאולימפיים,5,,7,פנטזיה,נוער,,
118,פרסי ג'קסון וגביע האלים,ריירדן ריק,פרסי ג'קסון והאולימפיים,6,,7,פנטזיה,נוער,,
119,פרסי ג'קסון וזעם האלה המשולשת,ריירדן ריק,פרסי ג'קסון והאולימפיים,7,,7,פנטזיה,נוער,,
120,הגיבור האבוד,ריירדן ריק,גיבורי האולימפוס,1,,5,פנטזיה,נוער,,
121,בן נפטון,ריירדן ריק,גיבורי האולימפוס,2,,5,פנטזיה,נוער,,
122,אות אתנה ,ריירדן ריק,גיבורי האולימפוס,3,,5,פנטזיה,נוער,,
123,בית האדס,ריירדן ריק,גיבורי האולימפוס,4,,5,פנטזיה,נוער,,
123,האורקל הנסתר,ריירדן ריק,גורלו של אפולו,1,,5,פנטזיה,נוער,,
124,הנבואה האפלה,ריירדן ריק,גורלו של אפולו,2,,5,פנטזיה,נוער,,
125,המבוך הבוער,ריירדן ריק,גורלו של אפולו,3,,5,פנטזיה,נוער,,
126,קברו של הרודן,ריירדן ריק,גורלו של אפולו,4,,5,פנטזיה,נוער,,
127,המגדל של נירון,ריירדן ריק,גורלו של אפולו,5,,5,פנטזיה,נוער,,
128,השמש והכוכב ,רייירדן ריק,,,,,פנטזיה ,נוער,,
129,בת המעמקים,רייירדן ריק,,,,,פנטזיה ,נוער,,
130,הפירמידה האדומה,ריירדן ריק,משפחת קיין והאלים המצריים,1,,3,פנטזיה,נוער,,
131,מבחן הברזל ,"בלק הולי, קסנדרה קלייר ",מגיסטריום,1,,5,פנטזיה,נוער,,
132,יד הנחושת ,"בלק הולי, קסנדרה קלייר ",מגיסטריום,2,,5,פנטזיה,נוער,,
133,מפתח הארד,"בלק הולי, קסנדרה קלייר ",מגיסטריום,3,,5,פנטזיה,נוער,,
134,מסכת הכסף,"בלק הולי, קסנדרה קלייר ",מגיסטריום,4,,5,פנטזיה,נוער,,
135,מגדל הזהב,"בלק הולי, קסנדרה קלייר ",מגיסטריום,5,,5,פנטזיה,נוער,,
136,שישיית אטלס,בלייק אוליבי ,,1,,,פנטזיה ,נוער,,
137,הרץ במבוך,דשנר ג'יימס,הרץ במבוך,1,,3,פוסט אפוקליפסה,,,
138,משחקי הרעב,קולינס סוזן,משחקי הרעב,1,,3,פוסט אפוקליפסה,,,
139,התלקחות,קולינס סוזן,משחקי הרעב,2,,3,פוסט אפוקליפסה,,,
140,עורבני חקיין,קולינס סוזן,משחקי הרעב,3,,3,פוסט אפוקליפסה,,,
141,בלדה לנחשים וציפורי שיר,קולינס סוזן,משחקי הרעב,,,,פוסט אפוקליפסה,,,
142,מפוצלים,רות' ורוניקה,מפוצלים,1,,3,פוסט אפוקליפסה,,,
143,מורדים,רות' ורוניקה,מפוצלים,2,,3,פוסט אפוקליפסה,,,
144,נאמנים,רות' ורוניקה,מפוצלים,3,,3,פוסט אפוקליפסה,,,
145,מדריך הטרמפיסט לגלקסיה,אדמס דאגלס,מדריך הטרמפיסט לגלקסיה,1,,5,מדע בדיוני,,,
146,המסעדה שבסוף היקום,אדמס דאגלס,מדריך הטרמפיסט לגלקסיה,2,,5,מדע בדיוני,,,
147,"החיים, היקום וכל השאר ",אדמס דאגלס,מדריך הטרמפיסט לגלקסיה,3,,5,מדע בדיוני,,,
148,מחר כפול תשע,אסימוב אייזיק,,,,,מדע בדיוני,,,
149,רסיסים של כבוד,בוז'ולד לויס מקמסטר,וור,1,,5,מדע בדיוני,בסדרה יש עוד ספרים שלא תורגמו,,
150,בריאר,בוז'ולד לויס מקמסטר,וור,2,,5,מדע בדיוני,בסדרה יש עוד ספרים שלא תורגמו,,
151,שוליית הלוחם,בוז'ולד לויס מקמסטר,וור,3,,5,מדע בדיוני,בסדרה יש עוד ספרים שלא תורגמו,,
152,משחקי אצולה,בוז'ולד לויס מקמסטר,וור,4,,5,מדע בדיוני,בסדרה יש עוד ספרים שלא תורגמו,,
153,סיטגנדה,בוז'ולד לויס מקמסטר,וור,5,,5,מדע בדיוני,בסדרה יש עוד ספרים שלא תורגמו,,
154,Mirror Dance,בוז'ולד לויס מקמסטר,וור,,,,מדע בדיוני,,,
155,Brothers in arms,בוז'ולד לויס מקמסטר,וור,,,,מדע בדיוני,,,
156,לוחמי החלל,היינליין רוברט,,,,,מדע בדיוני,,,
157,איש של שני עולמות,"הרברט פרנק, הרברט בראיין",,,,,מדע בדיוני,,,
158,ילד מלחמה,לוואצ'י קארין,,1,,2,מדע בדיוני,בסדרה יש עוד ספרים שלא תורגמו,,
159,צלילת אש,לוואצ'י קארין,,2,,2,מדע בדיוני,בסדרה יש עוד ספרים שלא תורגמו,,
160,יומני כוכבים,לם סטניסלב,,,,,מדע בדיוני,,,
161,פטיש השטן,"ניבן לארי, פורנל ג'רי",,,,,מדע בדיוני,,,
162,כוכב הצוענים,סילברברג רוברט,,,,,מדע בדיוני,,,
163,תחנת דרכים,סימאק קליפורד ד.,,,,,מדע בדיוני,,,
164,המשחק של אנדר,קארד אורסון סקוט,המשחק של אנדר,1,,4,מדע בדיוני,,,
165,ילדי המחשבה,קארד אורסון סקוט,המשחק של אנדר,4,,4,מדע בדיוני,,,
166,אנדר בגלות,קארד אורסון סקוט,המשחק של אנדר,1.5,,,מדע בדיוני,,,
167,הצל של אנדר,קארד אורסון סקוט,הצל של אנדר,1,,6,מדע בדיוני,,,
168,הצל של ההגמון,קארד אורסון סקוט,הצל של אנדר,2,,6,מדע בדיוני,,,
169,בובת צללים,קארד אורסון סקוט,הצל של אנדר,3,,6,מדע בדיוני,,,
170,הצל של הענק,קארד אורסון סקוט,הצל של אנדר,4,,6,מדע בדיוני,,,
171,מעוף הצללים,קארד אורסון סקוט,הצל של אנדר,5,,6,מדע בדיוני,,,
172,הצל האחרון ,קארד אורסון סקוט,הצל של אנדר,6,,6,מדע בדיוני,,,
173,עלייתו של מספר תשע,לור פיטקוס,בני לוריאן,3,,7,מדע בדיוני,,,
174,נקמתה של מספר שבע,לור פיטקוס,בני לוריאן,5,,7,מדע בדיוני,,,
175,הסיפורים המתוחכמים ביותר בעולם,אוסף,,,,,מתח,,,
176,הסיפורים המפתיעים ביותר בעולם,אוסף,,,,,מתח,,,
177,הסיפורים המפורסמים ביותר בעולם,אוסף,,,,,מתח,,,
178,יותר מוזר מהדמיון,אוסף,,,,,מתח,,,
179,רק המעז,ארצ'ר ג'פרי,ויליאם ווריק,1,,6,מתח,,,
180,נקודת ההונאה,בראון דן,,,,,מתח,,,
181,משחק המושבעים,גרישם ג'ון,,,,,מתח,,,
182,הזימון,גרישם ג'ון,,,,,מתח,,,
183,הפירמה,גרישם ג'ון,,,,,מתח,,,
184,15 סיפורי מופת,כריסטי אגאטה,,,,,מתח,,,
185,התיקנים,נסבו יו,הבלש הארי הולה,2,,11,מתח,,,
186,הארגון,פולסום אלן,,,,,מתח,,,
187,מירוץ מוטרף,קובן הרלן,,,,,מתח,,,
188,אבק שריפה,קובן הרלן,,,,,מתח,,,
189,אל תגלה,קובן הרלן,,,,,מתח,,,
190,הנעלמים,קובן הרלן,,,,,מתח,,,
191,הטעות כולה שלך,קובן הרלן,,,,,מתח,,,
192,דוקטור סליפ,קינג סטיבן,,,,,מתח,אימה,,
193,דברים שצריך,קינג סטיבן,,,,,מתח,אימה,,
194,העמדה,קינג סטיבן,,,,,מתח,אימה,,
195,רוז מאדר,קינג סטיבן,,,,,מתח,אימה,,
196,לוכד החלומות,קינג סטיבן,,,,,מתח,אימה,,
197,הילדה שאהבה את טום גורדון,קינג סטיבן,,,,,מתח,אימה,,
198,סלולרי,קינג סטיבן,,,,,מתח,אימה,,
199,זאבי הקאלה,קינג סטיבן,המגדל האפל,3,,7,מתח,אימה,,
200,המכשף והבדולח,קינג סטיבן,המגדל האפל,4,,7,מתח,אימה,,
201,עונות מתחלפות,קינג סטיבן,,,,,מתח,אימה,,
202,סופו של מיסטר Y,תומס סקרלט,,,,,מתח,שייך למיכל הרבסטמן,,
203,חרשתא,קגן יהודית ,,,,,רומן,,,
204,וידוי,ברנדס יוכי,,,,,רומן,,נורית כהן,6/22/2018
205,גרעינים לבנים,ברנדס יוכי,,,,,רומן,,,
206,מלכוד 22,הלר ג'וזף,,,,,רומן,,,
207,1984,אורוול ג'ורג',,,,,רומן,,אייל אורנשטיין,2022
208,תולדות האהבה,קראוס ניקול,,,,,רומן,,נורית כהן,6/22/2018
209,תיאום כוונות,סבתו חיים,,,,,רומן,,,
210,אשה בורחת מבשורה,גרוסמן דוד,,,,,רומן,,,
211,אל תזוזי,מצאנטיני מרגרט,,,,,רומן,,,
212,אשתו של הנוסע בזמן,ניפנגר אודרי,,,,,רומן,,,
213,ציפורים מתות בסתר,מקאלוג קולין,,,,,רומן,,,
214,בית קרנובסקי,זינגר יצחק ,,,,,רומן,,,
215,גבעת ווטרשיפ,אדמס ריצ'רד,,,,,רומן,,,
216,"תש""ח",קניוק יורם,,,,,רומן,,,
217,כרת,משאלי יעל,,,,,רומן,,,
218,גיא אוני,לפיד שולמית,,,,,רומן,,,
219,האשה השניה,לפיד יאיר,,,,,רומן,,,
220,האי של סופייה,היסלופ ויקטוריה,,,,,רומן,,,
221,כמעט כלה,גרינברג יהושע,,,,,רומן,,,
222,ארבעה בתים וגעגוע,נבו אשכול,,,,,רומן,,,
223,אהבתי כל כך,רותם יהודית,,,,,רומן,,,
224,יונה ונער,שלו מאיר,,,,,רומן,,,
225,1Q84,מורקמי הרוקי,,1 + 2,,3,רומן,,,
226,רחמים,שלו מיכל,,,,,רומן,,,
227,אחות קטנה,אורן רם,,,,,רומן,,,
228,היורשת,אורן רם,,,,,רומן,,,
229,ימים אדומים,אורן רם,,,,,רומן,,,
230,מישהו לרוץ איתו,גרוסמן דוד,,,,,רומן,,,
231,תחלמי,שכטר-פייל עידית,,,,,רומן,,,
232,הבתולה בכחול,שבלייה טרייסי,,,,,רומן,,,
233,זאבים בשלג,קראוס-ויינר אורלי,,,,,רומן,,,
234,נכים פראיים ששבו הביתה מארצות החום,רובינס טום,,,,,רומן,,,
235,פנמה ג'ק,גפן אדיבה,,,,,רומן,,,
236,אין לי מושג איך היא עושה את זה,פירסון אליסון,,,,,רומן,,,
237,השעון,צטניק ק.,,,,,רומן,שואה,,
238,בעל זבוב,גולדינג ויליאם,,,,,רומן,,,
239,הזקן בן מאה שיצא מהחלון ונעלם,יונסון יונס,,,,,רומן,,,
240,הגלויה,"ברסט, אן",,,,,רומן,,,
241,אורי,שטרייט-וורצל אסתר,,,,,ילדים,,,
242,הכתה המעופפת,קסטנר אריך,,,,,ילדים,,,
243,תעלומת כתב הסתרים,נצר אלי,,,,,ילדים,,,
244,שוקי בקבוקי,פוצ'ו,,,,,ילדים,,,
245,אי המטמון,סטיבנסון רוברט לואיס,,,,,ילדים,,,
246,מלחמת הדוכנועים,מריל ג'ין,,,,,ילדים,,,
247,דוקטור דוליטל המלך,לופטינג יו,,,,,ילדים,,,
248,להיות רב חובל,בוז'נקו אנטולי,,,,,ילדים,,,
249,חמישה ילדים והזהו,נסביט אדית,,,,,ילדים,,,
250,סיירת הבטיחות בדרכים,רון-פדר גלילה,ג'ינג'י,28,,64,ילדים,,,
251,הרפתקאות דוד אריה בערבות רומניה,לוי ינץ,דוד אריה,1,,6,ילדים,,,
252,הרפתקאות דוד אריה בג'ונגל הסיבירי,לוי ינץ,דוד אריה,2,,6,ילדים,,,
253,הרפתקאות דוד אריה במדבר השויצרי,לוי ינץ,דוד אריה,3,,6,ילדים,,,
254,הרפתקאות דוד אריה בקוטב המערבי,לוי ינץ,דוד אריה,4,,6,ילדים,,,
255,הרפתקאות דוד אריה ביערות סהרה,לוי ינץ,דוד אריה,5,,6,ילדים,,,
256,דנידין משגע את סאדאם,שריג און,דנידין,22,,29,ילדים,,,
257,עוזר למשטרה,סובול דונלד,דני ידעני,8,,8,ילדים,,,
258,כה עשו חכמינו,סגל רבקה,כה עשו חכמינו,4,,5,ילדים,,,
259,כה עשו חכמינו,סגל רבקה,כה עשו חכמינו,3,,5,ילדים,,,
260,כה עשו חכמינו,סגל רבקה,כה עשו חכמינו,2,,5,ילדים,,,
261,האפלוליות,ארבליך-בריפמן אשבל,,,,,ילדים,,,
262,נצחון בכל מחיר,נאהרגנג פראוקה,הכדורגלנים,9,,12,ילדים,,,
263,קוראים לי סטילטון ג'רונימו סטילטון,סטילטון ג'רונימו,סטילטון ג'רונימו,1,,11,ילדים,,,
264,מסתורי האוצר הנעלם,סטילטון ג'רונימו,סטילטון ג'רונימו,2,,11,ילדים,,,
265,מסתורי עין האיזמרגד,סטילטון ג'רונימו,סטילטון ג'רונימו,3,,11,ילדים,,,
266,כתב-היד המסתורי של נוסטרכבורס,סטילטון ג'רונימו,סטילטון ג'רונימו,7,,11,ילדים,,,
267,האהבה היא כמו גבינה,סטילטון ג'רונימו,סטילטון ג'רונימו,8,,11,ילדים,,,
268,המרתון הכי מטורף בעולם,סטילטון ג'רונימו,סטילטון ג'רונימו,10,,11,ילדים,,,
269,קר נורא בהימלאיה!,סטילטון ג'רונימו,סטילטון ג'רונימו,11,,11,ילדים,,,
270,ההבטחה - ספר ראשון,"יאנג, ג'ין לואן",אווטאר - ההבטחה,1,,3,ילדים,,,
271,ההבטחה - ספר שני,"יאנג, ג'ין לואן",אווטאר - ההבטחה,2,,3,ילדים,,,
272,ההבטחה - ספר שלישי,"יאנג, ג'ין לואן",אווטאר - ההבטחה,3,,3,ילדים,,,
273,החיפוש - ספר ראשון,"יאנג, ג'ין לואן",אווטאר - החיפוש,1,,3,ילדים,,,
274,החיפוש - ספר שני,"יאנג, ג'ין לואן",אווטאר - החיפוש,2,,3,ילדים,,,
275,החיפוש - ספר שלישי,"יאנג, ג'ין לואן",אווטאר - החיפוש,3,,3,ילדים,,,
276,הקרע - ספר ראשון,"יאנג, ג'ין לואן",אווטאר - הקרע,1,,3,ילדים,,,
277,הקרע - ספר שני,"יאנג, ג'ין לואן",אווטאר - הקרע,2,,3,ילדים,,,
278,הקרע - ספר שלישי,"יאנג, ג'ין לואן",אווטאר - הקרע,3,,3,ילדים,,,
279,מכוניות 2 - ספר הסרט,,,,,,ילדים,,,
280,צעצוע של סיפור 3 - ספר הסרט,,,,,,ילדים,,,
281,הרקולס - ספר הסרט,,,,,,ילדים,,,
282,תקווה חדשה - מלחמת הכוכבים פרק 4 - ספר הסרט,,,,,,ילדים,,,
283,בעקבות חרב היהלום,,מיינקראפט,1,,5,ילדים,,,
284,תעלומת הגריפר וסימני הצמר,,מיינקראפט,2,,5,ילדים,,,
285,מבצע חומה ומגדל,רון-פדר גלילה,מנהרת הזמן,2,,72,ילדים,,,
286,מעפילים מגיעים לחופי הארץ,רון-פדר גלילה,מנהרת הזמן,4,,72,ילדים,,,
287,איחוד ירושלים,רון-פדר גלילה,מנהרת הזמן,5,,72,ילדים,,,
288,אדום אדום זה לא חלום,שיר סמדר,קסדת הקסם,1,,4,ילדים,,,
289,כשיש קסם - אין חרם,שיר סמדר,קסדת הקסם,2,,4,ילדים,,,
290,אמא קסומה וקסמי המצנפת הסגולה,אלבוים אתי,אמא קסומה,1,,5,ילדים,,,
291,אשתופת,בליד אדם,השרביט והחרב,1,,10,ילדים,,,
292,חתול תעלול,"ד""ר סוס",,,,,ילדים,,,
293,חתול תעלול חוזר,"ד""ר סוס",,,,,ילדים,,,
294,נסים ונפלאות,גולדברג לאה,,,,,ילדים,,,
295,יומנו של יורמיוס מקסימוס במצרים,קולינס טים,יורמיוס מקסימוס,2,,3,ילדים,,,
296,פיניאס ופרב - היי איפה פרי?,,פיניאס ופרב,,,,ילדים,,,
297,פיניאס ופרב - צרות בצרורות,,פיניאס ופרב,,,,ילדים,,,
298,פיניאס ופרב ממציאים את הכיף,,פיניאס ופרב,,,,ילדים,,,
299,גרוויטי פולס - יומן 3,,,,א,,ילדים,,,
300,גרוויטי פולס - יומן 3,,,,ב,,ילדים,,,
301,התכססנות השטנית של אסלת טורבו 2000,פילקי דאב,קפטן תחתונים,11,,12,ילדים,,,
302,הסיפור הסוער של שר סרחונסקי,פילקי דאב,קפטן תחתונים,12,,12,ילדים,,,
303,איש הכלב,פילקי דאב,איש הכלב,1,,,ילדים,,,
304,הקש האחרון,קיני ג'ף,יומנו של חנון,3,,12,ילדים,,,
305,משחקי מזל,קיני ג'ף,יומנו של חנון,8,,12,ילדים,,,
306,חופשה על גלגלים,קיני ג'ף,יומנו של חנון,9,,12,ילדים,,,
307,קולות מהעבר,קיני ג'ף,יומנו של חנון,10,,12,ילדים,,,
308,הכל או כלום,קיני ג'ף,יומנו של חנון,11,,12,ילדים,,,
309,יציאת חירום,קיני ג'ף,יומנו של חנון,12,,12,ילדים,,,
310,עשה זאת בעצמך,קיני ג'ף,יומנו של חנון,,,,ילדים,,,
311,המפגש,אפלגייט ק.א.,אנימורפס,3,,18,ילדים,באנגלית יש 54 ספרים,,
312,הטורף,אפלגייט ק.א.,אנימורפס,5,,18,ילדים,באנגלית יש 54 ספרים,,
313,החייזר,אפלגייט ק.א.,אנימורפס,8,,18,ילדים,באנגלית יש 54 ספרים,,
314,יוצאת לחופשה,הייל פאם,הנסיכה בשחור,4,,9,ילדים,,,
315,מפגש הגיבורות,הייל פאם,הנסיכה בשחור,5,,9,ילדים,,,
316,,הייל פאם,הנסיכה בשחור,6,,9,ילדים,,,
317,,הייל פאם,הנסיכה בשחור,7,,9,ילדים,,,
318,,הייל פאם,הנסיכה בשחור,8,,9,ילדים,,,
319,בת הים הנסיכה,הייל פאם,הנסיכה בשחור,9,,9,ילדים,,,
320,,מונקסטר הארייט,מיראבל,1,,6,ילדים,,,
321,,מונקסטר הארייט,מיראבל,2,,6,ילדים,,,
322,ביום ממש גרוע,מונקסטר הארייט,מיראבל,3,,6,ילדים,,,
323,בצרות צרורות !,מונקסטר הארייט,מיראבל,4,,6,ילדים,,,
324,וחתלתולי העטלף השובבים,מונקסטר הארייט,מיראבל,5,,6,ילדים,,,
325,,מונקסטר הארייט,מיראבל,6,,6,ילדים,,,
326,"מסעות החללית ""הנודד""",ג'קסון סטיב,,,,,משחק,,,
327,דרך המכשף,ג'קסון סטיב,דרך המכשף,,,2,משחק,,,
328,המכשף מפסגת הר האש,ג'קסון סטיב,,,,,משחק,,,
329,שבעת הנחשים,ג'קסון סטיב,כישוף,3,,13,משחק,,,
330,כתר המלכים,ג'קסון סטיב,כישוף,4,,13,משחק,,,
331,טירת האימים,ג'קסון סטיב,כישוף,5,,13,משחק,,,
332,ופו היה אומר,מילן אלן אלכסנדר,,,,,עיון ופנאי,,,
333,אוריגמי 1,,,,,,עיון ופנאי,,,
334,אוריגמי 2,,,,,,עיון ופנאי,,,
335,אוריגמי 3,,,,,,עיון ופנאי,,,
336,אוריגמי 4,,,,,,עיון ופנאי,,,
337,לקסיקון ארץ-ישראל,הראובני עמנואל,,,,,עיון ופנאי,,,
338,מדריך הרחובות תל-אביב-יפו,,,,,,עיון ופנאי,,,
339,תוצאות המסע לאפקטיביות אישית,גוז אביעד,,,,,עיון ופנאי,,,
340,ספר השירים לתלמיד חלק א',,ספר השירים לתלמיד,1,,2,עיון ופנאי,,,
341,ספר השירים לתלמיד חלק ב',,ספר השירים לתלמיד,2,,2,עיון ופנאי,,,
342,מי שטעם יין הונגרי,"איל צבי, טייב אלי",,,,,עיון ופנאי,,,
343,מעומק השלולית,עוזיאל מאיר,,,,,עיון ופנאי,,,
344,הכיסא הריק,רבי נחמן מברסלב,,,,,עיון ופנאי,,,
345,הנשק העדין,רבי נחמן מברסלב,,,,,עיון ופנאי,,,
346,חלומות הילדות שחלמנו,לוי רביב,,,,,עיון ופנאי,,,
347,מכל הלב לבתי האהובה,,,,,,עיון ופנאי,,,
348,שי קטן איחולי אושר,,,,,,עיון ופנאי,,,
349,המילון החדש,אבן-שושן אברהם,,,,9,עיון ופנאי,,,
350,חוויות המשתמש,פלורנטין טל,,,,,עיון ופנאי,,,
351,קיצור תולדות האנושות,הררי יובל נח,,,,,עיון ופנאי,,,
352,אסטרופיזיקה למי שאין לו זמן,טייסון ניל דה-גראס,,,,,עיון ופנאי,,,
353,לרפא עולם שבור,זקס יונתן,,,,,עיון ופנאי,,,
354,אמנות הדיבור בפני קהל,קארנגי דייל,,,,,עיון ופנאי,,,
355,האמת על באמת,אריאלי דן,,,,,עיון ופנאי,,,
356,שלך באי-רציונליות,אריאלי דן,,,,,עיון ופנאי,,,
357,סוד הקסם היפני,קונדו מארי,,,,,עיון ופנאי,,,
358,אחים ללא יריבות,"פייבר אדל, מייזליש אליין",,,,,עיון ופנאי,,,
359,איך הם עושים את זה,סוטון קרוליין,,,,,עיון ופנאי,,,
360,שעשועים עם פיזיקה,National Geographic,,,,,עיון ופנאי,,,
361,לא גיבור,אוון מארק,,,,,אוטוביוגרפיה,,,
362,הרב שלמה גורן בעוז ותעצומות,אבי רט,,,,,אוטוביוגרפיה,,,
363,אל תשלח ידך אל הנער,לאו ישראל מאיר,,,,,אוטוביוגרפיה,,,
364,"פירוש הרמב""ן על התורה",,,,,2,קודש,,,
365,קונקורדנציה,,,,,,קודש,,,
366,ממך אליך ,,,,,2,קודש,מחזור לראש השנה ויום כיפור,,
367,"לפשוטו של רש""י",,,,,5,קודש,,,
368,מסכת מגילה,,,,,,קודש,,,
369,מסכת סוכה,,,,,,קודש,,,
370,מסכת גיטין,,,,,,קודש,,,
371,מסכת בבא קמא,,,,,,קודש,,,
372,מסכת בבא קמא,"עם תרגום עברי ופירוש ד""ר עזרא מלמד",,,,,קודש,סלון,,
373,מסכת בבא מציעא,,,,,,קודש,,,
374,מסכת בבא בתרא,,,,,,קודש,,,
375,ספר מאורות הדף היומי לילדים,,,א,,,קודש,ברכות|שבת|עירובין|פסחים,,
376,הדף היומי לילדים ,"תלמוד ישראל, ידיעות ספרים",,ב,,,קודש,שקלים|יומא|סוכה|ביצה|ראש השנה|תענית|מגילה|מועד קטן|חגיגה,,
377,הדף היומי לילדים ,"תלמוד ישראל, ידיעות ספרים",,ג,,,קודש,יבמות|כתובות|נדרים|נזיר|סוטה,,
378,תיקון קוראים,,,,,,קודש,,,
379,תיקון קוראים - סימנים (קטן),,,,,,קודש,,,
380,מדרש רבה,,,,,2,קודש,על התורה,,
381,"צל""ח השלם המפואר",,,,,2,קודש,"על הש""ס",,
382,חמישה חומשי תורה - מקראות גדולות המאור,,,,,5,קודש,סלון,,
383,"תנ""ך",,,,,,קודש,סלון,,
384,חמישה חומשי תורה - כרך אחד עם תפילות,,,,,,קודש,סלון,,
385,מסכת אבות,ברטנורא + משנת אליעזר,,,,,קודש,סלון,,
386,מאוצרנו הישן,יאושזון ב.,,,,4,קודש,"על תורה + חגים/מגילות/פרקי אבות, סלון",,
387,"אוצר המלבי""ם - הכרמל",,,,,2,קודש,סלון,,
388,פניני קדם,,,,,2,קודש,"על התורה , סלון",,
389,כל בו לענייני ברית מילה,,,,,,קודש,"ברית יצחק + זוכר הברית + כסא אליהו, סלון",,
390,"קיצור דיני ברית מילה ופדה""ב",,,,,,קודש,סלון,,
391,ספר ימי הפורים - מגילת אסתר,,,,,,קודש,סלון,,
392,תפילה כהלכתה,פוקס יצחק יעקב,,,,,קודש,סלון,,
393,שמירת שבת כהלכתה,נויברט יהושע,,,,2,קודש,סלון,,
394,ט' באב שחל בשבת,,,,,,קודש,סלון,,
395,משנה ברורה,הוצאת בלום,,,,6,קודש,סלון,,
396,אתנחתא,לאו בנימין,,,,2,קודש,"על התורה + חגים, סלון",,
397,"משנה תורה להרמב""ם",,,,,6,קודש,סלון,,
398,"ספרי מהר""ל",,,,,18,קודש,סלון,,
399,טל חרמון,אבינר שלמה,,,,2,קודש,"על התורה + חגים, סלון",,
400,ערוך לנר,,,,,3,קודש,"על הש""ס, סלון",,
401,מנחת חינוך,,,,,3,קודש,סלון,,
402,שולחן ערוך - עם ר' עקיבא אייגר,,,,,10,קודש,סלון,,
403,ארחות צדיקים השלם,,,,,,קודש,,,
,,,,,,,,,,
,Mathematical Handbook of Formulas and Tables,,,,,,עיון ופנאי,2nd addition,,